First Name,Surname,Department,Salary
Isabella,Garcia,Marketing,108268
David,Garcia,Marketing,83567
Isabella,Smith,Marketing,82613
Jane,Jones,HR,85891
Emma,Wilson,Finance,61243
Michael,Smith,Marketing,135939
David,Jones,Sales,137639
Isabella,Miller,Marketing,81993
Sophia,Garcia,HR,126293
David,Williams,Finance,95026
Isabella,Jones,Finance,120471
David,Taylor,Marketing,120966
Jane,Garcia,Marketing,88600
Michael,Miller,Sales,79512
Sophia,Smith,Finance,92620
Michael,Jones,Finance,120186
Emma,Taylor,Finance,57089
Isabella,Jones,Engineering,72230
Sophia,Smith,Finance,58983
Daniel,Williams,Finance,148631
Daniel,Miller,Sales,129688
Michael,Miller,Sales,141201
Emma,Brown,HR,122457
Daniel,Smith,Sales,133005
John,Smith,Finance,144520
Matthew,Johnson,Finance,46921
John,Taylor,Finance,78804
Sophia,Taylor,Sales,107699
Daniel,Williams,Marketing,110608
Olivia,Johnson,Engineering,77619
Isabella,Smith,HR,47877
Daniel,Johnson,Marketing,123966
Olivia,Davis,Engineering,41871
Michael,Brown,Sales,113135
Sophia,Jones,HR,42496
Jane,Brown,HR,87954
Isabella,Davis,Sales,64675
Michael,Jones,Marketing,148504
Michael,Williams,Engineering,71921
Olivia,Brown,Finance,139059
Daniel,Davis,Finance,40797
David,Brown,Engineering,89811
Michael,Brown,Finance,108755
Michael,Wilson,Marketing,120782
Jane,Johnson,Sales,130535
John,Brown,Finance,121857
Isabella,Brown,Sales,92489
John,Johnson,Finance,124665
Michael,Miller,Finance,81504
Matthew,Brown,HR,89866
Emma,Davis,Finance,124212
John,Jones,HR,136766
Matthew,Wilson,Engineering,51723
Matthew,Miller,Finance,83890
Jane,Garcia,Finance,57591
John,Johnson,Finance,98146
Olivia,Wilson,HR,148672
Matthew,Williams,Finance,132288
Michael,Smith,Marketing,99300
Emma,Smith,Engineering,129141
Olivia,Jones,Sales,111557
Emma,Williams,Sales,60006
Matthew,Johnson,HR,43560
Daniel,Williams,Engineering,130868
David,Williams,Engineering,101713
Daniel,Brown,Sales,136591
Emma,Jones,HR,85444
Daniel,Garcia,Marketing,86522
Michael,Miller,Engineering,126904
Daniel,Johnson,Sales,60737
Olivia,Brown,Marketing,68647
Olivia,Johnson,Marketing,101353
Isabella,Smith,Marketing,132217
David,Johnson,Finance,120163
Daniel,Jones,Marketing,52134
Olivia,Smith,Marketing,100535
Jane,Williams,Sales,87883
Emma,Johnson,HR,146926
Emma,Brown,Finance,126107
Matthew,Johnson,Sales,103360
Isabella,Jones,Sales,91811
Olivia,Garcia,Marketing,49781
Olivia,Miller,Finance,59340
Daniel,Davis,HR,67257
John,Taylor,HR,56298
Isabella,Williams,Sales,52372
Sophia,Miller,Finance,44420
Olivia,Williams,Sales,145412
Jane,Williams,Sales,122991
Olivia,Johnson,HR,102079
Daniel,Brown,HR,119860
Daniel,Wilson,Sales,143555
Matthew,Brown,HR,47012
Sophia,Smith,HR,49396
Olivia,Garcia,Marketing,43918
Emma,Brown,Marketing,49359
Michael,Wilson,Engineering,84259
Isabella,Williams,Engineering,63482
Isabella,Jones,Sales,55127
Emma,Brown,Sales,149263
Michael,Johnson,Sales,141261
Olivia,Davis,Sales,77237
David,Miller,HR,119701
Jane,Wilson,Engineering,48752
Olivia,Jones,Sales,148101
Matthew,Brown,Marketing,120041
Emma,Davis,HR,111331
Olivia,Miller,Engineering,90624
Matthew,Brown,HR,129183
David,Garcia,Finance,80133
Jane,Wilson,Sales,133790
Sophia,Wilson,Marketing,146752
Matthew,Brown,Engineering,95153
Jane,Garcia,HR,142066
Michael,Wilson,Engineering,102756
Jane,Miller,Finance,130928
Jane,Garcia,Marketing,121757
Sophia,Williams,HR,124355
Olivia,Garcia,Finance,139938
John,Wilson,Marketing,88682
David,Smith,Sales,106509
Jane,Garcia,Engineering,126384
Jane,Jones,Finance,115751
Daniel,Wilson,Engineering,116693
Daniel,Jones,Engineering,64777
John,Jones,Finance,53824
Michael,Smith,Finance,42418
Emma,Jones,HR,52843
Sophia,Wilson,Marketing,118778
Isabella,Smith,Sales,76223
Michael,Smith,Marketing,101570
David,Jones,Sales,46521
Isabella,Garcia,Sales,128162
John,Brown,HR,96894
Daniel,Garcia,Marketing,114659
Isabella,Garcia,Finance,136990
Michael,Williams,Engineering,148483
David,Williams,HR,54254
Sophia,Johnson,HR,91939
Emma,Garcia,HR,129236
John,Smith,Finance,77073
Olivia,Garcia,Engineering,143835
David,Miller,Sales,63310
John,Taylor,Finance,71785
Michael,Garcia,Marketing,104570
Emma,Johnson,Marketing,120577
Jane,Johnson,Finance,96356
Sophia,Williams,HR,63306
Jane,Jones,Finance,76950
Emma,Johnson,Engineering,118696
David,Jones,Sales,132171
Jane,Miller,Sales,138611
Sophia,Wilson,Sales,118928
David,Williams,Sales,119904
John,Johnson,HR,110838
Michael,Davis,Marketing,73920
Sophia,Brown,Marketing,128870
David,Smith,Finance,146771
John,Brown,Sales,143598
Michael,Taylor,Marketing,140796
Daniel,Miller,Engineering,132648
Isabella,Johnson,Finance,119128
Michael,Brown,HR,130749
David,Garcia,Marketing,73538
Isabella,Johnson,Sales,121411
Isabella,Johnson,HR,48286
Olivia,Garcia,Engineering,149794
David,Taylor,Engineering,144299
David,Jones,Engineering,58728
Isabella,Williams,HR,53640
Matthew,Smith,Marketing,108627
Jane,Brown,Marketing,85663
Olivia,Williams,Sales,43912
Sophia,Jones,HR,90586
John,Smith,Marketing,112130
Jane,Smith,Finance,61752
Emma,Taylor,Sales,99715
Isabella,Brown,Marketing,129068
Michael,Wilson,Finance,47997
Matthew,Brown,Sales,93006
Michael,Smith,Engineering,80800
David,Jones,Engineering,55620
Matthew,Jones,Finance,146435
Michael,Smith,Engineering,110381
Isabella,Williams,Finance,132299
Matthew,Miller,Sales,94268
Sophia,Miller,Marketing,149142
Matthew,Wilson,Sales,109069
Michael,Williams,Finance,108473
Emma,Garcia,HR,131757
Emma,Brown,HR,143243
Daniel,Davis,Finance,82512
John,Johnson,Engineering,59608
Emma,Smith,Finance,110557
Daniel,Williams,Marketing,132309
Emma,Williams,Sales,139438
Isabella,Miller,Finance,147984
Daniel,Miller,Marketing,57340
Emma,Johnson,HR,41913
Michael,Williams,Finance,92086
Michael,Wilson,Engineering,53429
Michael,Garcia,Finance,53907
Daniel,Brown,HR,75489
David,Garcia,Marketing,50088
Daniel,Brown,Finance,55588
John,Johnson,Finance,78395
David,Smith,Engineering,100155
Isabella,Johnson,Finance,78214
Michael,Smith,Sales,40469
Jane,Wilson,Finance,83295
Daniel,Wilson,Marketing,114253
Jane,Miller,Sales,74488
Sophia,Brown,Engineering,78040
Olivia,Brown,Marketing,56975
Daniel,Johnson,Engineering,144489
Jane,Smith,Finance,55912
Daniel,Davis,Finance,68086
Daniel,Johnson,Finance,122127
Daniel,Davis,HR,55115
Daniel,Taylor,HR,119983
Michael,Miller,HR,92573
Olivia,Garcia,Sales,134201
Michael,Smith,HR,104223
Michael,Johnson,Finance,148406
Emma,Jones,Finance,51052
Michael,Taylor,Engineering,55741
Isabella,Miller,Marketing,97368
Emma,Johnson,Marketing,134275
Matthew,Davis,Sales,83986
Olivia,Miller,Marketing,45103
David,Jones,Sales,75050
Olivia,Jones,Engineering,41740
Jane,Jones,Finance,95270
Olivia,Garcia,Finance,52579
Matthew,Williams,Sales,111382
Michael,Williams,HR,87805
Isabella,Davis,Engineering,60165
Isabella,Miller,Finance,42775
Olivia,Brown,Finance,124523
Daniel,Smith,Engineering,70752
David,Wilson,Sales,129099
John,Wilson,HR,119464
Matthew,Johnson,Sales,111892
Olivia,Wilson,Engineering,73930
Olivia,Garcia,Marketing,86774
Olivia,Miller,Sales,68651
Jane,Garcia,Marketing,102885
John,Taylor,Engineering,55997
John,Jones,Marketing,105180
John,Smith,Finance,138927
John,Garcia,Marketing,137768
John,Williams,HR,114498
Sophia,Brown,HR,103003
Daniel,Taylor,Engineering,125971
Emma,Miller,HR,74009
Olivia,Jones,Marketing,83671
David,Smith,Finance,109939
Emma,Jones,Engineering,57582
David,Miller,Sales,69844
Olivia,Wilson,Finance,124917
Jane,Johnson,Sales,78429
Emma,Jones,Engineering,121475
Daniel,Wilson,Sales,116323
Sophia,Smith,Finance,122727
David,Johnson,HR,100809
John,Johnson,Engineering,42121
John,Wilson,HR,85353
Sophia,Taylor,HR,129987
Emma,Jones,HR,43886
Emma,Taylor,Finance,81690
John,Smith,Marketing,127986
John,Brown,HR,120748
Isabella,Smith,Marketing,115523
David,Garcia,Engineering,122119
David,Smith,Sales,139751
Olivia,Wilson,HR,45181
Matthew,Johnson,Marketing,83349
Matthew,Williams,Engineering,116578
John,Wilson,Finance,82914
Jane,Miller,Engineering,110744
Olivia,Wilson,Finance,111713
Isabella,Williams,Sales,103720
Isabella,Johnson,Sales,110399
Daniel,Brown,Marketing,87394
Jane,Miller,Finance,113925
David,Smith,Finance,40894
John,Williams,Sales,103413
David,Miller,Engineering,88208
Sophia,Wilson,Engineering,70142
Sophia,Davis,Marketing,72904
Sophia,Williams,Sales,66813
Daniel,Garcia,Sales,79041
Michael,Garcia,HR,99601
Daniel,Johnson,Marketing,131504
John,Wilson,Sales,119224
Michael,Jones,HR,108955
Sophia,Taylor,Finance,122088
Sophia,Brown,HR,46004
Michael,Brown,Sales,75620
Daniel,Williams,Engineering,82521
Jane,Taylor,Marketing,126339
Emma,Smith,Finance,97191
Sophia,Jones,Engineering,97852
John,Davis,Marketing,120675
Olivia,Jones,Finance,141490
David,Brown,Finance,62302
Olivia,Williams,Sales,127069
Olivia,Brown,HR,123697
Emma,Johnson,Engineering,92513
Matthew,Johnson,HR,146642
John,Williams,Sales,94545
Jane,Garcia,Sales,120212
Olivia,Williams,Engineering,60989
David,Garcia,Finance,42562
Jane,Smith,Marketing,62597
Olivia,Johnson,Finance,65484
John,Wilson,HR,142956
Daniel,Smith,Engineering,118709
Matthew,Miller,Sales,132925
Matthew,Williams,Finance,86402
Daniel,Wilson,Engineering,133807
Emma,Smith,Marketing,51605
David,Jones,Sales,138727
David,Smith,Finance,105483
Emma,Brown,Sales,133846
Daniel,Wilson,HR,101073
Olivia,Johnson,Marketing,139271
Isabella,Davis,Marketing,142674
Matthew,Jones,Marketing,147356
Jane,Davis,HR,62571
Emma,Taylor,Finance,94355
Matthew,Davis,Finance,73201
Jane,Jones,Finance,118633
Olivia,Garcia,Finance,128157
Matthew,Williams,Finance,123349
John,Taylor,Engineering,84889
Emma,Wilson,HR,124466
Sophia,Smith,Marketing,136736
Jane,Wilson,Finance,119835
Sophia,Davis,Finance,122249
Matthew,Williams,Marketing,125532
John,Davis,Marketing,56363
Sophia,Taylor,Engineering,64785
Olivia,Miller,HR,95913
Isabella,Brown,Sales,103418
Isabella,Garcia,Engineering,76736
Daniel,Wilson,Sales,130070
Matthew,Brown,Engineering,137855
Sophia,Wilson,HR,106576
Olivia,Wilson,HR,111786
Isabella,Taylor,Sales,97508
Jane,Taylor,Finance,130718
John,Jones,Finance,47704
John,Jones,Finance,112308
Olivia,Johnson,Sales,143615
Daniel,Smith,Finance,82179
Emma,Garcia,Marketing,65907
Daniel,Davis,Marketing,85192
Jane,Williams,HR,49144
Sophia,Johnson,Sales,67741
Sophia,Smith,Finance,144315
John,Davis,Marketing,102551
Sophia,Johnson,Finance,146656
Daniel,Davis,Engineering,42195
John,Garcia,Finance,44680
David,Johnson,HR,95751
Michael,Miller,Engineering,65687
Sophia,Williams,Sales,92237
Olivia,Smith,Finance,137594
Michael,Williams,Finance,78008
Matthew,Davis,Engineering,50100
Olivia,Davis,HR,100343
Daniel,Brown,HR,120704
Daniel,Miller,HR,83723
David,Jones,Sales,139036
Jane,Garcia,Engineering,94180
Olivia,Brown,Marketing,97625
David,Williams,Sales,85856
Olivia,Davis,HR,129514
Olivia,Taylor,HR,117582
Daniel,Johnson,Finance,60950
Emma,Miller,Sales,49500
Matthew,Johnson,Engineering,145748
Jane,Taylor,HR,138258
David,Brown,Marketing,92548
Michael,Johnson,Finance,86614
Isabella,Smith,Engineering,63418
Sophia,Garcia,Engineering,89747
David,Brown,Engineering,73415
Jane,Taylor,Finance,52232
Matthew,Davis,Marketing,56957
Michael,Jones,HR,145101
Emma,Jones,Finance,143941
Emma,Brown,Finance,97600
David,Miller,Marketing,67784
Jane,Jones,Engineering,84239
Daniel,Jones,HR,138229
Michael,Taylor,Sales,143563
Olivia,Smith,Engineering,147524
David,Smith,Engineering,79335
Isabella,Taylor,Marketing,77212
Jane,Miller,Sales,92141
Olivia,Smith,HR,102746
Isabella,Davis,HR,73354
David,Brown,HR,119668
Olivia,Wilson,Marketing,94254
Sophia,Taylor,Sales,47601
David,Davis,Sales,67867
David,Williams,Engineering,51059
Michael,Johnson,Finance,106275
Michael,Garcia,Sales,135081
Jane,Garcia,HR,61266
Emma,Davis,HR,133557
John,Garcia,Finance,45410
Jane,Miller,Finance,88691
Isabella,Taylor,Engineering,88798
Jane,Wilson,Engineering,122357
Daniel,Wilson,Marketing,109434
Isabella,Johnson,HR,134123
Matthew,Jones,Marketing,58231
Daniel,Davis,HR,49724
Emma,Jones,Marketing,63314
John,Williams,Engineering,106477
Sophia,Garcia,Sales,67479
Emma,Wilson,Finance,65025
Michael,Miller,HR,51590
Olivia,Garcia,Engineering,94762
Isabella,Taylor,Engineering,116853
Sophia,Taylor,Engineering,114544
Emma,Davis,Marketing,71838
David,Taylor,Finance,58491
Sophia,Taylor,Engineering,54672
Daniel,Brown,Marketing,131802
Sophia,Taylor,Engineering,135868
Emma,Brown,Marketing,126179
Daniel,Garcia,Sales,51834
Isabella,Williams,Marketing,122865
Emma,Wilson,HR,102570
Sophia,Johnson,Finance,113929
Jane,Brown,Marketing,96620
Emma,Williams,Finance,123725
Sophia,Johnson,Marketing,87993
Matthew,Garcia,Finance,107398
Matthew,Wilson,Sales,147046
David,Garcia,HR,142055
Olivia,Miller,HR,148168
Emma,Garcia,HR,106439
Daniel,Garcia,Marketing,135952
Isabella,Johnson,HR,55352
Daniel,Miller,Engineering,104022
Michael,Davis,Engineering,130616
Isabella,Miller,HR,129935
Emma,Wilson,HR,54297
Olivia,Wilson,Marketing,45896
Sophia,Johnson,HR,52003
Isabella,Miller,Finance,113478
John,Williams,Sales,63761
Sophia,Taylor,Marketing,82439
Jane,Miller,Marketing,143897
Michael,Johnson,Engineering,121858
Olivia,Wilson,Marketing,135804
John,Johnson,Marketing,92280
Olivia,Garcia,Sales,145330
Matthew,Wilson,Finance,76589
Isabella,Miller,Sales,124631
Matthew,Smith,Finance,48472
Michael,Johnson,Engineering,106564
Olivia,Taylor,Sales,75428
Emma,Miller,Sales,102444
Jane,Johnson,Sales,107889
Sophia,Jones,HR,132503
Emma,Taylor,HR,127582
Matthew,Wilson,Sales,47734
Olivia,Williams,Marketing,130265
Olivia,Wilson,Engineering,68436
Jane,Brown,Marketing,63905
Isabella,Brown,Engineering,66981
Sophia,Garcia,Engineering,116473
Michael,Jones,HR,85463
Jane,Wilson,Engineering,137691
John,Brown,Sales,106589
Jane,Brown,Sales,59361
John,Johnson,Engineering,61875
Jane,Garcia,HR,76661
Jane,Miller,Marketing,42679
Daniel,Miller,HR,116723
Matthew,Garcia,HR,110486
Matthew,Garcia,Marketing,71222
Emma,Brown,Sales,108201
Michael,Williams,Finance,124977
John,Johnson,HR,70857
Sophia,Williams,Sales,79606
David,Taylor,Engineering,142272
Daniel,Miller,HR,40851
John,Wilson,HR,45028
Olivia,Wilson,Engineering,60177
Emma,Wilson,Finance,129236
Emma,Williams,Finance,79920
Isabella,Williams,Marketing,130238
David,Wilson,Engineering,95082
Isabella,Jones,Sales,114305
John,Johnson,Sales,62036
Daniel,Johnson,Finance,139108
Olivia,Smith,Marketing,78212
Emma,Williams,Marketing,122032
John,Johnson,Sales,74735
John,Garcia,Marketing,122570
Jane,Smith,Finance,142637
Michael,Williams,Finance,41384
John,Taylor,Marketing,119403
Michael,Brown,Finance,105599
Michael,Jones,Finance,142303
Isabella,Taylor,Marketing,109524
Daniel,Brown,Finance,91654
Sophia,Smith,Engineering,102729
Matthew,Smith,Finance,92668
Isabella,Davis,HR,59055
Matthew,Jones,Sales,86499
Michael,Brown,Engineering,140691
David,Brown,Marketing,131980
Sophia,Johnson,Sales,127314
Sophia,Smith,HR,76209
Olivia,Garcia,Sales,48010
Sophia,Wilson,Finance,99618
Michael,Davis,Sales,119073
David,Williams,Marketing,91115
Jane,Wilson,Finance,111299
Jane,Wilson,Finance,59340
Jane,Taylor,HR,112932
Sophia,Davis,Sales,142202
Isabella,Jones,HR,93121
John,Johnson,Finance,54705
Isabella,Wilson,Finance,96448
John,Miller,HR,126823
Michael,Jones,Finance,65274
Jane,Brown,Sales,122212
David,Miller,Engineering,71075
Daniel,Garcia,HR,93251
John,Davis,Marketing,110882
Daniel,Davis,Engineering,63417
Daniel,Taylor,Marketing,143080
Michael,Brown,Finance,136700
Matthew,Brown,Engineering,53729
Daniel,Williams,Finance,63836
Daniel,Garcia,Finance,96132
Olivia,Brown,HR,109658
Michael,Taylor,Marketing,106272
Olivia,Taylor,Sales,66872
John,Miller,HR,142765
Emma,Taylor,HR,123891
Isabella,Wilson,Marketing,51465
Isabella,Brown,HR,119285
Sophia,Wilson,Marketing,146693
John,Miller,HR,139975
David,Taylor,Engineering,73374
Jane,Smith,Marketing,58504
Emma,Garcia,Sales,85302
Olivia,Smith,HR,98503
Sophia,Johnson,Engineering,55835
Daniel,Davis,Sales,47788
Michael,Davis,HR,92547
Sophia,Jones,HR,144550
Emma,Miller,Finance,64404
David,Garcia,HR,66951
Isabella,Davis,Sales,130707
Sophia,Smith,Sales,78111
John,Johnson,Engineering,107840
John,Davis,Finance,51909
Jane,Davis,Engineering,141723
Matthew,Jones,Engineering,139435
Emma,Williams,HR,137182
Olivia,Williams,Engineering,54281
John,Jones,Marketing,58387
Jane,Jones,Finance,100935
Jane,Brown,HR,100565
Emma,Johnson,Marketing,148517
Sophia,Smith,Sales,129564
Isabella,Davis,Finance,53704
Emma,Davis,Sales,90859
Sophia,Smith,Sales,49774
John,Taylor,HR,113728
Michael,Wilson,Marketing,113064
David,Taylor,Finance,138995
David,Miller,HR,133258
Daniel,Williams,Engineering,58931
John,Taylor,Finance,132898
Jane,Wilson,HR,108219
Sophia,Jones,Finance,64919
Daniel,Jones,Finance,120992
Olivia,Smith,HR,112531
Olivia,Williams,Sales,68954
Sophia,Miller,Sales,111712
Emma,Garcia,HR,133299
Daniel,Garcia,Finance,79366
Matthew,Johnson,Sales,45985
Matthew,Brown,Marketing,77292
Michael,Williams,Engineering,139131
Jane,Smith,Engineering,115577
John,Brown,Marketing,95986
Matthew,Williams,Marketing,50413
